City_ID,City,Lat,Lng,Max Temp,Humidity,Cloudiness,Wind Speed,Country,Date
0,humberto de campos,-2.5983,-43.4611,24.26,89,15,1.44,BR,1719795821
1,thompson,55.7435,-97.8558,26.09,29,40,4.12,CA,1719795627
2,slave lake,55.2834,-114.769,14.99,88,100,3.6,CA,1719795821
3,port-aux-francais,-49.35,70.2167,4.81,97,100,6.71,TF,1719795821
4,ribeira grande,38.5167,-28.7,20.99,85,0,8.05,PT,1719795821
5,bethel,41.3712,-73.414,22.46,88,82,0.45,US,1719795821
6,bredasdorp,-34.5322,20.0403,11.12,92,76,0.84,ZA,1719795821
7,kingston,17.997,-76.7936,29.53,70,5,7.2,JM,1719795821
8,valdivia,-39.8142,-73.2459,9.05,99,100,1.12,CL,1719795821
9,adamstown,-25.066,-130.1015,19.25,64,56,11.07,PN,1719795821
10,namibe,-15.1961,12.1522,17.15,78,0,4.68,AO,1719795821
11,grytviken,-54.2811,-36.5092,-7.9,79,49,4.99,GS,1719795821
12,margaret river,-33.95,115.0667,14.91,71,22,6.49,AU,1719795821
13,ulricehamn,57.7916,13.4142,10.3,99,45,2.36,SE,1719795821
14,waitangi,-43.9535,-176.5597,11.57,88,4,2.68,NZ,1719795821
15,puerto ayora,-0.7393,-90.3518,21.42,95,42,0.89,EC,1719795821
16,ancud,-41.8697,-73.8203,7.16,78,100,1.68,CL,1719795588
17,albany,42.6001,-73.9662,20.31,63,0,3.13,US,1719795621
18,sisimiut,66.9395,-53.6735,3.24,98,100,2.4,GL,1719795822
19,port alfred,-33.5906,26.891,19.35,86,100,5.14,ZA,1719795822
20,bilibino,68.0546,166.4372,21.0,43,86,6.12,RU,1719795822
21,selfoss,63.9331,-20.9971,8.91,86,100,6.28,IS,1719795822
22,nova sintra,14.8667,-24.7167,23.17,85,5,7.65,CV,1719795822
23,minas de barroteran,27.6333,-101.2833,28.75,60,100,4.01,MX,1719795822
24,ushuaia,-54.8,-68.3,0.81,86,75,1.03,AR,1719795566
25,childress,34.4264,-100.204,35.14,31,0,5.14,US,1719795822
26,talnakh,69.4865,88.3972,8.61,53,83,1.83,RU,1719795822
27,nar'yan-mar,67.6713,53.087,4.39,84,100,4.06,RU,1719795822
28,happy valley-goose bay,53.3168,-60.3315,14.17,94,75,2.06,CA,1719795822
29,badger,64.8,-147.5333,29.43,35,84,0.2,US,1719795822
30,santa barbara,34.7333,-120.0343,23.89,47,0,4.12,US,1719795787
31,polyarnyy,69.1989,33.4478,9.37,94,100,2.73,RU,1719795822
32,ust-nera,64.5667,143.2,19.18,40,28,1.83,RU,1719795822
33,sao felix do xingu,-6.6447,-51.995,24.53,49,10,0.87,BR,1719795822
34,papatowai,-46.5619,169.4708,9.9,89,100,2.6,NZ,1719795822
35,wailua homesteads,22.0669,-159.378,26.59,72,31,3.58,US,1719795822
36,lloydminster,53.2835,-110.0016,20.12,52,100,5.14,CA,1719795822
37,zeya,53.75,127.2667,28.42,35,40,1.76,RU,1719795823
38,salamanca,40.8333,-6.0,14.3,76,32,1.41,ES,1719795823
39,gaiman,-43.2897,-65.4929,5.73,65,0,6.7,AR,1719795823
40,tazacorte,28.629,-17.9293,20.54,92,100,6.17,ES,1719795823
41,yaren,-0.5472,166.916,28.79,72,10,5.71,NR,1719795823
42,tura,25.5198,90.2201,24.35,99,100,1.99,IN,1719795823
43,ulsteinvik,62.3432,5.8487,11.84,94,100,2.68,NO,1719795823
44,la ronge,55.1001,-105.2842,25.12,27,40,3.6,CA,1719795823
45,st. john's,47.5649,-52.7093,16.66,90,100,7.2,CA,1719795715
46,la'ie,21.6477,-157.9253,28.58,66,10,2.68,US,1719795823
47,as sulayyil,20.4607,45.5779,34.14,14,13,4.71,SA,1719795823
48,nuuk,64.1835,-51.7216,5.49,81,100,8.49,GL,1719795823
49,island harbour,50.724,-1.2758,15.68,74,100,1.79,GB,1719795823
50,puerto natales,-51.7236,-72.4875,4.25,65,20,9.77,CL,1719795823
51,georgetown,5.4112,100.3354,26.96,80,40,1.54,MY,1719795749
52,yangju,37.8331,127.0617,28.1,61,21,1.69,KR,1719795823
53,cabo san lucas,22.8909,-109.9124,33.17,37,0,4.63,MX,1719795823
54,hermanus,-34.4187,19.2345,13.44,82,16,2.85,ZA,1719795823
55,ardestan,33.3761,52.3694,25.6,37,47,4.15,IR,1719795823
56,yellowknife,62.456,-114.3525,28.29,26,40,3.09,CA,1719795824
57,laramie,41.3114,-105.5911,22.2,68,100,7.2,US,1719795824
58,hammerfest,70.6634,23.6821,11.25,82,75,2.06,NO,1719795824
59,brisas de zicatela,15.8369,-97.0419,26.29,94,75,1.54,MX,1719795824
60,rabo de peixe,37.8,-25.5833,18.73,99,20,5.14,PT,1719795824
61,college,64.8569,-147.8028,29.48,31,71,1.34,US,1719795824
62,lebu,-37.6167,-73.65,10.3,91,100,4.17,CL,1719795824
63,lashio,22.9333,97.75,21.37,97,100,1.14,MM,1719795824
64,boa vista,2.8197,-60.6733,25.99,83,40,2.06,BR,1719795824
65,anadyr,64.75,177.4833,12.28,62,20,11.0,RU,1719795824
66,wuhai,39.6647,106.8122,25.46,29,11,3.62,CN,1719795824
67,atafu village,-8.5421,-172.5159,28.39,79,100,9.55,TK,1719795824
68,edinburgh of the seven seas,-37.0676,-12.3116,15.39,81,70,14.75,SH,1719795824
69,port mathurin,-19.6833,63.4167,22.05,73,20,7.72,MU,1719795824
70,yuzhno-kurilsk,44.0306,145.8556,13.97,99,100,5.02,RU,1719795824
71,mount isa,-20.7333,139.5,17.87,68,20,7.2,AU,1719795824
72,kodiak,57.79,-152.4072,10.73,93,100,4.63,US,1719795824
73,afaahiti,-17.75,-149.2833,28.93,80,21,9.67,PF,1719795825
74,jiamusi,46.8333,130.35,21.63,54,0,2.77,CN,1719795724
75,west island,-12.1568,96.8225,25.99,89,75,6.69,CC,1719795825
76,urangan,-25.3,152.9,21.78,87,99,3.58,AU,1719795825
77,ridder,50.355,83.5133,18.6,91,100,1.9,KZ,1719795825
78,bodo,67.28,14.405,14.02,75,0,6.17,NO,1719795825
79,meadow lake,34.8014,-106.5436,32.36,32,77,7.8,US,1719795825
80,sandnessjoen,66.0217,12.6316,10.29,76,99,6.12,NO,1719795789
81,manokwari,-0.8667,134.0833,27.11,76,98,2.65,ID,1719795825
82,castelnuovo del garda,45.4388,10.7598,23.03,80,0,1.03,IT,1719795825
83,saraikela,22.7167,85.95,27.8,85,100,5.99,IN,1719795825
84,berdigestyakh,62.0989,126.6992,24.36,40,7,3.76,RU,1719795825
85,enewetak,11.3474,162.3373,28.45,78,45,7.95,MH,1719795825
86,bahraigh,27.5833,81.6,30.76,67,63,2.07,IN,1719795825
87,bandar lampung,-5.4254,105.258,24.91,89,71,0.36,ID,1719795825
88,tolanaro,-25.0319,46.9987,16.04,88,20,1.03,MG,1719795825
89,jamestown,42.097,-79.2353,15.01,88,100,5.66,US,1719795602
90,ashkasham,36.6833,71.5333,11.97,68,34,1.48,AF,1719795825
91,tabuk,17.4189,121.4443,28.74,74,35,1.77,PH,1719795825
92,stanley,54.868,-1.6985,10.29,86,0,4.12,GB,1719795825
93,reggane,26.7158,0.1714,38.38,7,61,4.09,DZ,1719795826
94,whitehorse,60.7161,-135.0538,20.43,43,75,1.03,CA,1719795826
95,weno,7.4515,151.8468,28.7,78,95,6.47,FM,1719795826
96,shanwei,22.782,115.3475,29.05,82,86,7.3,CN,1719795826
97,chunskiy,56.0815,99.6342,25.43,53,96,1.79,RU,1719795826
98,khandyga,62.6667,135.6,19.19,60,100,1.57,RU,1719795826
99,minbu,20.1833,94.8833,26.44,78,100,6.31,MM,1719795826
100,inhapim,-19.5492,-42.12,16.33,76,7,2.51,BR,1719795826
101,galliano,29.4422,-90.2992,30.0,70,0,0.0,US,1719795826
102,igrim,63.1906,64.4162,11.05,71,100,5.01,RU,1719795826
103,rundu,-17.9333,19.7667,12.61,46,0,3.01,NA,1719795826
104,iqaluit,63.7506,-68.5145,4.85,75,75,1.03,CA,1719795703
105,sao jose da coroa grande,-8.8978,-35.1478,24.01,81,67,2.14,BR,1719795826
106,neyriz,29.1988,54.3278,26.68,29,81,0.66,IR,1719795826
107,sao vicente,-23.9631,-46.3919,16.82,26,45,1.27,BR,1719795826
108,blackmans bay,-43.0167,147.3167,7.63,74,6,0.45,AU,1719795826
109,namdrik,5.5994,168.1028,28.27,74,87,3.81,MH,1719795826
110,uvinza,-5.1036,30.3911,17.3,54,0,0.94,TZ,1719795826
111,katsuura,35.1333,140.3,24.99,90,100,14.59,JP,1719795826
112,hithadhoo,-0.6,73.0833,28.54,76,25,5.07,MV,1719795826
113,alice springs,-23.7,133.8833,9.75,93,100,5.14,AU,1719795827
114,fereydun kenar,36.6864,52.5225,23.23,65,28,0.86,IR,1719795827
115,sal rei,16.1833,-22.9167,22.27,88,29,6.79,CV,1719795827
116,pisco,-13.7,-76.2167,17.03,88,20,3.6,PE,1719795827
117,petropavlovsk-kamchatsky,53.0452,158.6483,11.33,76,75,6.0,RU,1719795827
118,verkhnevilyuysk,63.4453,120.3167,25.51,53,99,4.98,RU,1719795827
119,qaqortoq,60.7167,-46.0333,2.13,84,9,2.52,GL,1719795827
120,dunedin,-45.8742,170.5036,8.78,91,100,1.34,NZ,1719795827
121,miyaly,48.8844,53.7836,15.86,68,0,3.78,KZ,1719795827
122,erdenet,49.0333,104.0833,20.89,50,0,2.4,MN,1719795827
123,avarua,-21.2078,-159.775,27.03,83,40,3.6,CK,1719795827
124,aasiaat,68.7098,-52.8699,0.85,94,97,1.64,GL,1719795827
125,san julian,21.0167,-102.1667,20.01,69,83,3.64,MX,1719795827
126,ulladulla,-35.35,150.4667,12.31,63,83,5.63,AU,1719795827
127,port elizabeth,-33.918,25.5701,16.84,96,0,2.06,ZA,1719795827
128,monroe,43.1501,-77.6831,17.14,77,100,7.2,US,1719795600
129,hamilton,39.1834,-84.5333,23.21,60,8,0.89,US,1719795629
130,conduaga,8.862,117.4893,28.09,80,100,0.51,PH,1719795827
131,alta,69.9689,23.2717,11.59,87,100,1.03,NO,1719795827
132,hirosaki,40.5931,140.4725,20.26,78,100,4.98,JP,1719795827
133,rongelap,11.1635,166.8941,28.55,72,90,8.98,MH,1719795828
134,yeppoon,-23.1333,150.7333,25.14,67,62,1.62,AU,1719795828
135,susuman,62.7833,148.1667,7.85,91,100,1.7,RU,1719795828
136,inhambane,-23.865,35.3833,18.66,81,0,1.95,MZ,1719795828
137,zaozersk,69.4005,32.4476,8.89,97,99,1.59,RU,1719795828
138,karuzi,-3.125,30.1333,13.41,69,56,1.02,BI,1719795828
139,camalu,30.85,-116.0667,29.25,85,100,3.95,MX,1719795828
140,ejura,7.3856,-1.3562,22.45,98,100,1.67,GH,1719795828
141,nikel,69.4128,30.222,7.1,94,90,2.15,RU,1719795828
142,tofol,5.3248,163.0078,30.88,74,75,1.54,FM,1719795828
143,launceston,-41.45,147.1667,7.31,60,5,1.09,AU,1719795828
144,lihue,21.9789,-159.3672,26.92,72,31,3.48,US,1719795828
145,al muwayh,22.4333,41.7583,25.97,22,26,4.23,SA,1719795828
146,north platte,41.1239,-100.7654,20.18,84,100,6.71,US,1719795622
147,mubende,0.5606,31.39,15.28,78,95,1.03,UG,1719795828
148,la passe,45.5549,-0.8967,17.77,88,15,3.03,FR,1719795829
149,newnham,-41.3833,147.1333,7.04,59,3,1.22,AU,1719795829
150,luderitz,-26.6481,15.1594,12.02,87,0,1.55,NA,1719795829
151,christchurch,-43.5333,172.6333,14.11,55,100,4.12,NZ,1719795566
152,wanning,18.8003,110.3967,29.89,79,100,5.91,CN,1719795829
153,mil'kovo,55.6078,37.7956,21.84,86,100,1.15,RU,1719795829
154,saint-pierre,-21.3393,55.4781,18.82,55,0,4.12,RE,1719795829
155,duluth,46.7833,-92.1066,21.71,43,0,2.57,US,1719795545
156,dudinka,69.4058,86.1778,9.7,49,49,2.85,RU,1719795829
157,tevriz,57.509,72.4042,15.76,95,27,1.4,RU,1719795829
158,pariaman,-0.619,100.12,26.03,75,66,0.41,ID,1719795829
159,vilyuchinsk,52.9306,158.4028,12.15,86,100,2.58,RU,1719795829
160,zhigalovo,54.8097,105.1578,27.62,43,5,1.12,RU,1719795829
161,cleveland,41.4995,-81.6954,17.4,73,75,4.63,US,1719795719
162,kununurra,-15.7667,128.7333,30.99,42,15,4.63,AU,1719795830
163,kerikeri,-35.2268,173.9474,16.62,82,100,5.81,NZ,1719795830
164,amarante do maranhao,-5.5667,-46.7422,23.6,68,0,1.49,BR,1719795830
165,papao,-17.75,-149.55,29.82,76,0,10.54,PF,1719795830
166,karak city,31.1637,35.762,19.12,63,0,3.19,JO,1719795830
167,nenjiang,49.1833,125.2167,22.58,45,80,2.69,CN,1719795830
168,chamical,-30.36,-66.314,11.03,32,0,3.88,AR,1719795830
169,santa ana de yacuma,-13.75,-65.4333,17.17,47,5,2.6,BO,1719795830
170,puerto lempira,15.2667,-83.7667,26.08,78,40,0.0,HN,1719795612
171,south suffolk,36.7171,-76.5902,25.48,99,100,1.54,US,1719795830
172,oriximina,-1.7656,-55.8661,26.94,72,54,1.14,BR,1719795830
173,santa terezinha,-29.9002,-50.0904,7.97,71,0,4.04,BR,1719795830
174,neiafu,-18.65,-173.9833,26.38,78,40,6.17,TO,1719795830
175,tomatlan,19.9333,-105.25,28.96,71,65,3.44,MX,1719795830
176,invercargill,-46.4,168.35,10.01,95,100,1.79,NZ,1719795830
177,peace river,56.2501,-117.286,27.17,41,75,5.14,CA,1719795618
178,minas de marcona,-15.2119,-75.1103,12.65,83,1,4.49,PE,1719795830
179,kirakira,-10.4544,161.9205,28.26,78,35,5.29,SB,1719795830
180,uacu cungo,-11.3634,15.1208,13.83,71,1,0.92,AO,1719795830
181,saipan,15.1355,145.701,28.51,78,10,6.39,MP,1719795830
182,mulayjah,27.271,48.4242,33.52,11,1,3.53,SA,1719795830
183,eyl,7.9803,49.8164,27.0,63,89,10.87,SO,1719795830
184,touros,-5.1989,-35.4608,23.8,85,0,4.76,BR,1719795563
185,yerofey pavlovich,53.9667,121.9667,28.59,34,60,1.67,RU,1719795831
186,pimentel,-6.8367,-79.9342,18.16,82,75,6.69,PE,1719795831
187,yevpatoriya,45.1972,33.3558,21.48,58,0,3.85,UA,1719795831
188,uturoa,-16.7333,-151.4333,26.42,79,6,9.81,PF,1719795831
189,antsiranana,-12.2787,49.2917,22.78,79,89,6.46,MG,1719795831
190,haiku-pauwela,20.9219,-156.3051,26.13,75,11,2.68,US,1719795831
191,arraial do cabo,-22.9661,-42.0278,20.21,71,100,2.93,BR,1719795686
192,pigeon forge,35.7884,-83.5543,25.95,88,75,0.0,US,1719795831
193,ravar,31.2656,56.8055,31.13,19,92,1.34,IR,1719795831
194,novyy urgal,51.0736,132.5642,22.57,35,5,1.49,RU,1719795831
195,longyearbyen,78.2186,15.6401,7.91,71,40,5.66,SJ,1719795831
196,mahibadhoo,3.7833,72.9667,28.6,76,80,2.86,MV,1719795831
197,exu,-7.5119,-39.7242,18.5,40,4,1.32,BR,1719795831
198,tadine,-21.55,167.8833,23.58,59,100,4.84,NC,1719795831
199,cambridge,43.3601,-80.3127,15.63,80,100,4.63,CA,1719795832
200,mission,26.2159,-98.3253,30.5,75,44,0.89,US,1719795631
201,ouesso,1.6136,16.0517,23.12,80,100,1.2,CG,1719795686
202,waiuku,-37.25,174.75,16.85,76,100,4.69,NZ,1719795832
203,tralee,52.2704,-9.7026,10.78,97,100,2.09,IE,1719795832
204,coquimbo,-29.9533,-71.3436,11.85,100,0,1.03,CL,1719795663
205,prince rupert,54.3161,-130.3201,13.05,91,100,2.57,CA,1719795687
206,north shore,-36.8,174.75,16.96,81,100,4.47,NZ,1719795832
207,newman,37.3138,-121.0208,36.13,34,0,3.58,US,1719795832
208,nacozari viejo,30.4,-109.65,21.81,78,100,3.28,MX,1719795832
209,mirandela,41.4874,-7.187,17.39,81,0,1.69,PT,1719795832
210,constantia,44.1833,28.65,17.61,77,0,2.72,RO,1719795610
211,ballina,-28.8667,153.5667,14.88,86,100,5.85,AU,1719795832
212,waingapu,-9.6567,120.2641,28.41,62,100,4.48,ID,1719795832
213,gazipasa,36.2694,32.3179,22.05,68,0,2.06,TR,1719795832
214,el granada,37.5027,-122.4694,25.85,70,20,13.89,US,1719795832
215,tual,-5.6667,132.75,26.36,84,35,6.16,ID,1719795832
216,kapuskasing,49.4169,-82.4331,22.05,52,20,3.6,CA,1719795722
217,east london,-33.0153,27.9116,19.38,84,58,3.82,ZA,1719795640
218,port augusta,-32.5,137.7667,12.28,46,7,3.68,AU,1719795832
219,guadalupe y calvo,26.1,-106.9667,19.1,71,100,2.01,MX,1719795832
220,imphal,24.8167,93.95,20.95,100,75,2.57,IN,1719795790
221,yorkton,51.2167,-102.4677,20.91,49,20,5.14,CA,1719795833
222,isafjordur,66.0755,-23.124,8.95,82,100,4.99,IS,1719795833
223,nemuro,43.3236,145.575,15.43,99,100,7.08,JP,1719795833
224,coari,-4.085,-63.1414,23.49,96,35,1.65,BR,1719795833
225,hawaiian paradise park,19.5933,-154.9731,27.63,75,19,2.68,US,1719795833
226,akureyri,65.6835,-18.0878,15.96,67,75,6.17,IS,1719795601
227,semey,50.4111,80.2275,19.12,94,0,3.0,KZ,1719795833
228,punta arenas,-53.15,-70.9167,1.06,100,40,1.03,CL,1719795715
229,trincomalee,8.5711,81.2335,27.55,77,81,8.03,LK,1719795833
230,richards bay,-28.783,32.0377,17.24,57,0,1.31,ZA,1719795833
231,remire-montjoly,4.9167,-52.2667,28.02,83,75,2.57,GF,1719795833
232,miranda,3.2499,-76.2281,19.07,93,51,2.62,CO,1719795833
233,lesnikovo,55.2822,65.3175,12.0,95,100,5.73,RU,1719795833
234,holualoa,19.6228,-155.9522,26.04,77,30,2.72,US,1719795833
235,hadibu,12.65,54.0333,26.56,79,100,10.29,YE,1719795833
236,ketchikan,55.3422,-131.6461,12.97,94,100,2.02,US,1719795833
237,sinabang,2.4803,96.3801,26.78,76,100,1.17,ID,1719795833
238,port isabel,26.0734,-97.2086,31.02,80,75,6.69,US,1719795834
239,yazihan,38.5947,38.18,16.15,67,0,1.54,TR,1719795834
240,sarina,-21.4333,149.2167,26.26,30,2,1.82,AU,1719795834
241,pillaro,-1.1667,-78.5333,10.08,67,100,2.29,EC,1719795834
242,tamandare,-8.7597,-35.1047,23.68,82,27,1.93,BR,1719795834
243,borba,-4.3878,-59.5939,26.16,68,22,0.29,BR,1719795834
244,port saint john's,-31.6229,29.5448,19.15,52,5,2.06,ZA,1719795834
245,guozhen,34.3659,107.359,25.24,50,35,2.67,CN,1719795834
246,hermiston,45.8404,-119.2895,31.08,29,0,6.69,US,1719795834
247,utrik,11.2278,169.8474,27.77,77,100,8.06,MH,1719795834
248,abepura,-2.6333,140.5833,27.45,89,20,1.54,ID,1719795834
249,kulhudhuffushi,6.6221,73.07,28.29,78,100,4.88,MV,1719795834
250,lompoc,34.6391,-120.4579,22.69,66,0,9.39,US,1719795834
251,afif,23.9065,42.9172,27.56,18,100,7.05,SA,1719795834
252,rabaul,-4.1967,152.1721,29.51,68,26,5.41,PG,1719795834
253,kenai,60.5544,-151.2583,20.01,69,93,2.44,US,1719795834
254,san patricio,28.017,-97.5169,31.4,68,0,5.53,US,1719795835
255,magdagachi,53.45,125.8,27.39,35,93,3.53,RU,1719795835
256,sao desiderio,-12.3633,-44.9733,20.02,40,10,1.74,BR,1719795835
257,smithers,54.7804,-127.1743,19.18,48,75,3.09,CA,1719795718
258,kabalo,-6.05,26.9167,22.09,49,8,1.99,CD,1719795835
259,muscatine,41.4667,-91.1335,21.1,52,0,3.6,US,1719795835
260,qalat,32.1058,66.9083,25.66,26,0,2.61,AF,1719795835
261,borogontsy,62.6683,131.1683,22.57,36,100,4.98,RU,1719795835
262,salinopolis,-0.6136,-47.3561,25.79,87,93,4.74,BR,1719795835
263,dul'durga,50.6761,113.5931,25.94,42,28,0.48,RU,1719795835
264,forster,-32.1667,152.5167,14.6,80,29,5.34,AU,1719795835
265,quelimane,-17.8786,36.8883,19.97,88,20,1.4,MZ,1719795835
266,datong,40.0936,113.2914,23.06,46,100,1.99,CN,1719795659
267,berezovyy,51.6667,135.7,25.73,29,6,1.55,RU,1719795835
268,vadso,70.0744,29.7487,8.09,93,40,1.03,NO,1719795835
269,valparaiso,-33.0393,-71.6273,15.63,62,5,4.4,CL,1719795835
270,argostolion,38.1811,20.489,25.41,33,0,1.29,GR,1719795836
271,n'zeto,-7.2312,12.8666,20.5,91,6,2.63,AO,1719795836
272,moyo,3.6609,31.7247,18.45,82,76,1.65,UG,1719795836
273,kribi,2.95,9.9167,24.24,93,38,1.59,CM,1719795836
274,ghadamis,30.1337,9.5007,32.96,18,0,4.5,LY,1719795836
275,tidjikja,18.5564,-11.4271,32.46,24,1,3.87,MR,1719795836
276,labrador city,52.9463,-66.9114,15.95,44,40,4.63,CA,1719795836
277,olonkinbyen,70.9221,-8.7187,2.73,85,10,3.78,SJ,1719795836
278,ilulissat,69.2167,-51.1,5.01,81,100,0.0,GL,1719795836
279,gornozavodsk,58.3758,58.3211,13.8,89,3,0.89,RU,1719795836
280,zuyevka,58.405,51.1335,16.23,97,36,3.03,RU,1719795836
281,hirara,24.8,125.2833,30.92,84,20,7.72,JP,1719795836
282,rio grande,-32.035,-52.0986,7.06,73,2,4.46,BR,1719795766
283,boende,-0.2167,20.8667,23.24,56,99,1.02,CD,1719795836
284,kourou,5.1552,-52.6478,28.03,92,31,3.05,GF,1719795647
285,sucua,-2.4667,-78.1667,20.4,99,97,0.68,EC,1719795836
286,lake monticello,37.9232,-78.3347,29.88,78,79,2.24,US,1719795836
287,tiksi,71.6872,128.8694,8.55,57,99,1.72,RU,1719795836
288,taksimo,56.3444,114.8794,28.54,42,6,0.32,RU,1719795837
289,katsuren-haebaru,26.3369,127.8719,31.89,70,91,7.21,JP,1719795837
290,kailua-kona,19.6406,-155.9956,28.11,77,18,1.79,US,1719795709
291,manta,-0.95,-80.7333,24.88,83,75,4.63,EC,1719795780
292,mirny,62.5353,113.9611,27.03,49,12,5.39,RU,1719795837
293,saynshand,44.8824,110.1163,20.46,56,87,6.2,MN,1719795837
294,muzo,5.5353,-74.1078,20.71,98,100,1.38,CO,1719795837
295,sitka,57.0531,-135.33,12.94,82,100,3.09,US,1719795547
296,madera,37.1666,-119.8343,36.24,23,0,4.43,US,1719795837
297,baiquan,47.5833,126.0833,22.74,41,0,3.51,CN,1719795837
298,cacalchen,20.9833,-89.2333,32.0,67,100,2.33,MX,1719795837
299,agaro,7.85,36.65,15.92,97,100,0.54,ET,1719795837
300,turpan,42.9333,89.1667,39.8,14,100,1.13,CN,1719795837
301,raholt,60.2667,11.1833,10.1,87,0,1.03,NO,1719795837
302,tamanrasset,22.785,5.5228,30.95,11,1,5.66,DZ,1719795837
303,iskateley,67.6803,53.1512,4.41,84,100,4.08,RU,1719795837
304,al jawf,29.5,38.75,25.36,42,0,4.25,SA,1719795837
305,murun-kuren,49.6342,100.1625,22.4,37,90,0.97,MN,1719795627
306,sault ste. marie,46.5168,-84.3333,14.31,76,20,6.69,CA,1719795709
307,shijiazhuang,38.0414,114.4786,23.92,60,100,3.17,CN,1719795836
308,colonia,50.9333,6.95,17.19,89,75,2.06,DE,1719795809
309,lubang,13.8584,120.124,29.24,76,78,6.26,PH,1719795837
310,tambacounda,13.7539,-13.7586,32.03,66,75,5.14,SN,1719795838
311,atambua,-9.1061,124.8925,27.71,51,58,2.34,ID,1719795838
312,guelmim,28.987,-10.0574,18.19,82,20,5.14,MA,1719795838
313,al bawiti,28.3492,28.8659,25.29,64,0,3.26,EG,1719795838
314,kish,26.5578,54.0194,30.15,84,3,4.12,IR,1719795838
315,chos malal,-37.3781,-70.2709,6.81,49,0,4.92,AR,1719795838
316,murghob,38.1702,73.9667,10.87,47,63,0.97,TJ,1719795838
317,kottagudem,17.55,80.6333,25.13,91,100,1.77,IN,1719795838
318,leninskoye,41.7589,69.3864,19.49,47,19,2.93,KZ,1719795838
319,mukalla,14.5425,49.1242,29.35,69,99,1.7,YE,1719795838
320,taulaga,-11.0553,-171.0883,28.18,79,54,8.61,AS,1719795838
321,alghero,40.5589,8.3181,20.05,94,0,2.06,IT,1719795838
322,juneau,58.3019,-134.4197,15.79,90,98,2.05,US,1719795686
323,klyuchi,52.2667,79.1667,22.38,73,26,4.22,RU,1719795838
324,labytnangi,66.6572,66.4183,7.92,59,22,4.14,RU,1719795838
325,strezhevoy,60.7333,77.5889,12.43,86,61,2.82,RU,1719795838
326,manicore,-5.8092,-61.3003,25.64,70,31,0.66,BR,1719795838
327,kurchatov,51.6601,35.6521,18.23,85,22,1.13,RU,1719795838
328,midvagur,62.0511,-7.1939,9.46,93,100,4.12,FO,1719795669
329,nadym,65.5333,72.5167,5.84,82,100,9.63,RU,1719795838
330,ciudad bolivar,8.1222,-63.5497,27.41,75,99,3.75,VE,1719795714
331,northam,51.0333,-4.2167,13.67,86,99,3.72,GB,1719795839
332,ankazoabo,-22.2833,44.5167,13.45,75,0,2.7,MG,1719795839
333,carloforte,39.145,8.3058,22.37,71,67,1.96,IT,1719795839
334,hanam,37.54,127.2056,27.79,58,7,1.16,KR,1719795839
335,fort st. john,56.2499,-120.8529,25.94,36,40,7.2,CA,1719795672
336,canutama,-6.5339,-64.3831,25.87,68,42,1.09,BR,1719795839
337,fada,9.5667,8.3,20.94,92,79,0.22,NG,1719795839
338,hola,51.5377,23.1902,24.1,76,21,4.48,PL,1719795839
339,guerrero negro,27.9769,-114.0611,21.1,74,9,7.42,MX,1719795839
340,kalmunai,7.4167,81.8167,26.26,86,93,4.28,LK,1719795839
341,awjilah,29.1081,21.2869,24.64,35,0,5.15,LY,1719795839
342,daru,-9.0763,143.2092,25.08,90,100,7.44,PG,1719795839
343,astrakhan,46.3497,48.0408,16.93,77,0,2.0,RU,1719795839
344,okhotsk,59.3833,143.3,15.88,65,1,2.41,RU,1719795839
345,glace bay,46.1969,-59.957,18.21,97,100,7.2,CA,1719795839
346,ngereklmadel,7.4883,134.4856,26.79,85,100,5.35,PW,1719795840
347,ledyard,41.4398,-72.0142,22.28,96,100,3.09,US,1719795840
348,san jose del guaviare,2.5729,-72.6459,23.65,97,7,0.38,CO,1719795840
349,vradiyivka,47.862,30.5919,19.84,49,0,0.72,UA,1719795840
350,geraldton,-28.7667,114.6,12.23,87,0,5.66,AU,1719795840
351,bela,25.9333,81.9833,30.66,65,100,3.09,IN,1719795840
352,alofi,-19.0595,-169.9187,25.94,73,75,5.14,NU,1719795840
353,dolinsk,47.35,142.8,9.16,99,100,6.78,RU,1719795840
354,arrifes,37.7667,-25.7,18.14,82,20,5.14,PT,1719795840
355,chartres,48.4167,1.5,16.7,85,5,2.68,FR,1719795840
356,mar del plata,-38.0023,-57.5575,12.27,52,100,5.81,AR,1719795840
357,konarka,19.9,86.1167,27.31,76,100,5.74,IN,1719795840
358,huayin,34.5675,110.0921,21.97,83,100,0.67,CN,1719795840
359,hasaki,35.7333,140.8333,27.38,91,100,9.18,JP,1719795840
360,keflavik,64.0049,-22.5624,9.95,87,75,7.72,IS,1719795673
361,myitkyina,25.3833,97.4,24.06,100,100,1.15,MM,1719795840
362,otjimbingwe,-22.35,16.1333,13.29,60,0,1.91,NA,1719795840
363,nova xavantina,-14.6667,-52.35,21.62,41,99,0.44,BR,1719795613
364,mccomb,31.2438,-90.4531,28.34,89,20,0.0,US,1719795841
365,saint-philippe,-21.3585,55.7679,18.77,74,32,1.05,RE,1719795841
366,al kharijah,25.4514,30.5464,29.29,29,4,3.2,EG,1719795841
367,sao joao da barra,-21.6403,-41.0511,20.05,76,100,3.88,BR,1719795724
368,kruisfontein,-34.0033,24.7314,13.32,87,100,0.69,ZA,1719795841
369,chonchi,-42.6128,-73.8092,4.56,91,98,0.67,CL,1719795841
370,igarka,67.4667,86.5833,9.37,59,100,3.0,RU,1719795841
371,tagaw-bay,35.6994,66.0616,17.15,53,0,1.29,AF,1719795841
372,bukama,-9.2,25.85,19.28,52,10,0.83,CD,1719795842
373,connell,46.6635,-118.8611,29.31,36,3,0.89,US,1719795842
374,bonthe,7.5264,-12.505,24.68,91,100,3.71,SL,1719795842
375,north bend,43.4065,-124.2243,23.32,77,0,5.14,US,1719795842
376,shimoda,34.6667,138.95,26.2,95,100,8.9,JP,1719795692
377,port macquarie,-31.4333,152.9167,16.05,76,98,0.45,AU,1719795842
378,ramapuram,13.1167,79.2,27.2,67,100,4.25,IN,1719795842
379,crane,31.3974,-102.3501,33.98,31,0,9.99,US,1719795842
380,chornomors'k,46.305,30.6548,22.84,47,0,3.87,UA,1719795842
381,sultanah,24.4926,39.5857,35.25,8,0,3.09,SA,1719795842
382,qamdo,31.1667,97.2333,8.45,69,0,1.64,CN,1719795842
383,xinzhi,36.4989,111.7047,22.41,69,100,4.1,CN,1719795842
384,kolonia town,6.964,158.206,30.06,79,75,3.6,FM,1719795842
385,chinsali,-10.5414,32.0816,11.95,70,0,2.09,ZM,1719795842
386,jaisalmer,26.9147,70.9181,30.49,71,41,6.63,IN,1719795842
387,gereida,11.2811,25.1414,28.89,48,82,0.46,SD,1719795842
388,kittila,67.6647,24.8936,10.08,87,0,1.54,FI,1719795842
389,saldanha,-33.0117,17.9442,14.03,87,100,3.66,ZA,1719795842
390,broome,42.2506,-75.833,17.46,79,2,1.34,US,1719795842
391,san luis de la loma,17.2706,-100.8939,26.83,85,85,1.17,MX,1719795843
392,siwa oasis,29.2041,25.5195,27.18,43,0,2.96,EG,1719795691
393,val-d'or,48.1002,-77.7828,16.05,55,40,5.14,CA,1719795843
394,prieska,-29.6641,22.7474,14.78,38,75,3.81,ZA,1719795843
395,la peca,-5.6111,-78.435,21.21,84,40,1.98,PE,1719795843
396,ambatondrazaka,-17.8333,48.4167,13.83,87,100,1.83,MG,1719795843
397,lensk,60.7253,114.9278,30.02,43,23,4.43,RU,1719795843
398,paita,-5.0892,-81.1144,18.49,84,6,5.12,PE,1719795843
399,guatire,10.4762,-66.5427,23.04,98,57,0.91,VE,1719795783
400,trenggalek,-8.05,111.7167,24.78,90,100,2.38,ID,1719795843
401,suwayr,30.1171,40.3893,29.52,20,0,6.27,SA,1719795843
402,borzya,50.3833,116.5167,26.01,38,38,1.78,RU,1719795843
403,susanville,40.4163,-120.653,27.68,31,82,4.02,US,1719795600
404,pacific grove,36.6177,-121.9166,23.23,72,0,4.63,US,1719795843
405,ciudad guadalupe victoria,24.4497,-104.1225,25.61,33,70,7.46,MX,1719795843
406,naze,28.3667,129.4833,28.51,77,98,6.37,JP,1719795843
407,fortuna,40.5982,-124.1573,17.51,86,0,6.17,US,1719795843
408,pahrump,36.2083,-115.9839,39.13,7,0,5.36,US,1719795844
409,ha'il,27.5219,41.6907,32.01,12,0,8.23,SA,1719795844
410,acarau,-2.8856,-40.12,25.85,76,35,5.68,BR,1719795844
411,kota,25.1833,75.8333,27.67,80,100,5.25,IN,1719795844
412,port lincoln,-34.7333,135.8667,12.25,67,97,1.66,AU,1719795844
413,mazagao,-0.115,-51.2894,28.03,96,30,1.42,BR,1719795844
414,kharkhorin,47.1975,102.8238,20.4,46,0,1.4,MN,1719795844
415,brookfield,43.0606,-88.1065,17.16,69,0,3.09,US,1719795823
416,huaidian,33.4333,115.0333,32.08,53,6,2.15,CN,1719795844
417,darnah,32.767,22.6367,24.52,73,0,7.15,LY,1719795844
418,suntar,62.1444,117.6319,27.34,50,6,4.06,RU,1719795844
419,port douglas,-16.4833,145.4667,24.53,67,44,4.54,AU,1719795844
420,nagqu,31.5,92.0,7.14,60,98,2.48,CN,1719795844
421,arteche,12.2645,125.4048,28.55,77,100,0.19,PH,1719795845
422,nyagan,62.1406,65.3936,14.18,91,98,3.77,RU,1719795845
423,sa kaeo,13.75,102.3333,25.81,90,100,2.68,TH,1719795845
424,new norfolk,-42.7826,147.0587,8.29,70,13,0.87,AU,1719795845
425,merta,26.65,74.0333,28.6,75,100,4.53,IN,1719795845
426,udachny,66.4167,112.4,13.89,68,100,3.71,RU,1719795672
427,rosso,16.4986,-15.8153,23.97,82,56,7.4,SN,1719795845
428,ulubey,40.8721,37.7588,18.07,94,99,1.1,TR,1719795845
429,multan,30.1956,71.4753,34.94,59,0,6.17,PK,1719795610
430,sovetskaya gavan',48.9723,140.2878,16.78,58,94,3.96,RU,1719795845
431,bubaque,11.2833,-15.8333,27.4,83,100,5.45,GW,1719795845
432,lata,40.1629,-8.3327,16.07,98,30,0.79,PT,1719795845
433,tazovsky,67.4667,78.7,6.77,97,100,6.33,RU,1719795845
434,kyren,51.6828,102.1408,25.32,45,4,0.48,RU,1719795845
435,takum,7.2667,9.9833,23.61,92,84,1.76,NG,1719795845
436,andergrove,-21.0833,149.1833,26.47,77,0,1.26,AU,1719795845
437,dalandzadgad,43.5708,104.425,20.82,39,10,1.48,MN,1719795846
438,zhytkavichy,52.2168,27.8561,20.33,79,0,2.89,BY,1719795846
439,codrington,-38.2667,141.9667,11.02,61,100,4.13,AU,1719795846
440,vernon,50.2581,-119.2691,21.74,64,100,1.79,CA,1719795846
441,lufilufi,-13.8745,-171.5986,31.88,79,53,7.45,WS,1719795846
442,talcahuano,-36.7167,-73.1167,8.82,93,40,1.03,CL,1719795610
443,bulayevo,54.9056,70.4439,16.77,85,37,0.65,KZ,1719795846
444,pades,45.0167,22.85,21.13,60,29,2.33,RO,1719795846
445,sliven,42.6858,26.3292,16.2,68,0,0.67,BG,1719795846
446,kapoeta,4.7717,33.5903,26.68,46,42,7.67,SS,1719795846
447,le moule,16.3332,-61.3473,29.02,79,15,9.04,GP,1719795846
448,nabire,-3.3667,135.4833,24.63,95,100,1.32,ID,1719795846
449,tucuma,-0.1833,-50.05,24.86,93,75,2.86,BR,1719795675
450,aykhal,66.0,111.5,13.64,77,100,2.47,RU,1719795846
451,campbellton,48.0075,-66.6727,19.25,95,0,2.39,CA,1719795692
452,lukolela,-1.0605,17.1821,23.25,54,38,0.66,CD,1719795846
453,nema,57.5067,50.5011,16.79,80,81,2.72,RU,1719795846
454,conception bay south,47.4999,-52.9981,16.53,91,100,8.04,CA,1719795669
455,zima,53.9202,102.0442,23.57,50,0,2.74,RU,1719795608
456,den chai,17.9837,100.0522,27.04,98,100,1.26,TH,1719795847
457,sitangkai,4.6628,119.3928,27.36,77,100,2.61,PH,1719795847
458,mugia,43.1041,-9.2179,16.2,94,11,4.04,ES,1719795847
459,oswego,43.4501,-76.1497,18.84,92,100,5.85,US,1719795599
460,nizhniy kuranakh,58.8353,125.4869,24.17,64,5,2.71,RU,1719795847
461,west plains,36.7281,-91.8524,26.16,74,31,2.68,US,1719795622
462,byron bay,-28.65,153.6167,14.84,90,100,4.6,AU,1719795847
463,mandalgovi,45.7625,106.2708,19.87,37,6,4.16,MN,1719795847
464,mount pearl,47.5166,-52.7813,16.19,90,100,7.2,CA,1719795847
465,masterton,-40.9597,175.6575,13.94,79,100,5.13,NZ,1719795847
466,tvoroyri,61.5556,-6.8111,10.01,93,100,6.03,FO,1719795847
467,hafar al-batin,28.4328,45.9708,31.32,14,0,0.0,SA,1719795847
468,pandan,14.0453,124.1694,29.85,71,7,2.23,PH,1719795847
469,rapid valley,44.0625,-103.1463,28.68,49,0,8.23,US,1719795847
470,filadelfia,39.9523,-75.1638,24.53,95,75,4.12,US,1719795794
471,nahiyat ash shinafiyah,31.5874,44.6602,35.34,9,4,2.37,IQ,1719795847
472,lianghu,29.9915,120.8985,25.83,96,100,1.0,CN,1719795847
473,natal,-5.795,-35.2094,23.36,88,0,1.54,BR,1719795589
474,stornoway,58.2093,-6.3865,11.13,92,100,5.14,GB,1719795848
475,loei,17.4167,101.5,21.65,95,100,2.0,TH,1719795848
476,lubliniec,50.669,18.6844,19.27,78,100,4.3,PL,1719795848
477,ryotsu-minato,38.0833,138.4333,22.55,86,100,4.34,JP,1719795848
478,chelyabinsk,55.1544,61.4297,10.05,84,0,4.0,RU,1719795848
479,la sarre,48.8002,-79.1996,12.38,71,5,2.31,CA,1719795703
480,valdez,1.2492,-78.9831,25.93,86,100,3.7,EC,1719795848
481,mabaruma,8.2,-59.7833,23.99,94,98,0.69,GY,1719795848
482,belogradchik,43.6272,22.6836,22.18,89,100,1.76,BG,1719795848
483,souillac,-20.5167,57.5167,21.21,94,75,3.09,MU,1719795848
484,porto de moz,-1.7483,-52.2383,25.02,88,94,1.63,BR,1719795848
485,chinde,26.8418,88.0763,20.57,93,98,0.72,NP,1719795848
486,sathyamangalam,11.5167,77.25,25.4,88,100,0.42,IN,1719795848
487,labuan,5.2767,115.2417,25.2,100,40,0.0,MY,1719795848
488,calama,-22.4667,-68.9333,12.27,8,0,2.57,CL,1719795611
489,bhimunipatnam,17.8833,83.4333,26.73,79,100,7.96,IN,1719795848
490,horta,38.5333,-28.6333,20.57,85,0,8.05,PT,1719795848
491,skagen,57.7209,10.5839,14.69,76,10,9.13,DK,1719795848
492,mombetsu,44.3525,143.3525,17.01,100,75,6.17,JP,1719795849
493,medina,24.4686,39.6142,35.24,8,0,3.09,SA,1719795849
494,dwarka,22.2394,68.9678,28.54,87,100,7.84,IN,1719795849
495,arafat,21.3594,39.9664,30.64,31,6,1.68,SA,1719795849
496,alpena,45.0617,-83.4327,16.18,65,0,5.14,US,1719795849
497,el calafate,-50.3408,-72.2768,0.12,88,42,2.47,AR,1719795849
498,ormara,25.2088,64.6357,28.64,88,100,7.39,PK,1719795849
499,dire,12.2833,-10.9667,26.11,76,100,1.37,ML,1719795849
500,howrah,22.5892,88.3103,29.0,89,75,1.54,IN,1719795623
501,raton,36.9034,-104.4391,25.34,47,75,7.72,US,1719795849
502,sinop,41.7711,34.8709,15.92,70,0,2.77,TR,1719795849
503,yilan,24.757,121.753,32.96,60,17,1.34,TW,1719795849
504,squamish,49.7014,-123.1512,23.36,61,87,3.6,CA,1719795849
505,takoradi,4.8845,-1.7554,24.21,92,100,3.01,GH,1719795849
506,dzilam gonzalez,21.2833,-88.9333,28.18,73,100,3.36,MX,1719795849
507,velikiye luki,56.34,30.5452,16.52,88,0,3.18,RU,1719795849
508,guanica,17.9716,-66.908,28.88,63,100,5.87,PR,1719795850
509,hobyo,5.3505,48.5268,25.68,77,93,9.28,SO,1719795850
510,karratha,-20.7377,116.8463,20.65,39,0,9.18,AU,1719795850
511,kone,-21.0595,164.8658,26.3,46,85,1.9,NC,1719795850
512,barcelos,41.5388,-8.6151,17.69,94,0,0.88,PT,1719795850
513,tarumovka,44.0761,46.5361,18.29,64,14,3.29,RU,1719795850
514,belomorsk,64.5232,34.7668,16.3,61,100,1.96,RU,1719795850
515,magadan,59.5667,150.8,8.16,97,100,4.63,RU,1719795850
516,zvishavane,-20.3267,30.0665,11.78,49,0,1.05,ZW,1719795850
517,salmon arm,50.6998,-119.3024,21.62,68,100,1.03,CA,1719795850
518,vorgashor,67.5833,63.95,2.16,76,24,5.05,RU,1719795850
519,greymouth,-42.4667,171.2,10.63,93,100,6.81,NZ,1719795850
520,livny,52.4253,37.6069,18.89,89,0,2.07,RU,1719795850
521,isangel,-19.55,169.2667,27.06,65,40,5.14,VU,1719795850
522,kokpekty,48.75,82.4,18.9,85,100,2.2,KZ,1719795850
523,coyhaique,-45.5752,-72.0662,3.34,98,47,2.96,CL,1719795850
524,kavaratti,10.5669,72.642,27.78,82,100,6.07,IN,1719795850
525,annau,37.8876,58.516,24.72,50,75,8.23,TM,1719795850
526,paka,4.6374,103.4368,23.96,94,20,0.0,MY,1719795850
527,princeville,45.7668,-61.2985,19.78,97,100,3.6,CA,1719795850
528,chui,-33.6971,-53.4616,4.62,80,10,4.01,UY,1719795669
529,mudgee,-32.5943,149.5871,10.34,51,19,3.07,AU,1719795850
530,sur,22.5667,59.5289,32.9,59,100,2.53,OM,1719795851
531,wainwright,52.839,-110.8572,15.39,87,100,3.32,CA,1719795712
532,kimbe,-5.5502,150.1429,32.1,56,36,0.99,PG,1719795851
533,nushki,29.5542,66.0215,30.5,33,2,3.55,PK,1719795851
534,santa cruz,-17.8,-63.1667,15.7,33,75,2.06,BO,1719795638
535,westerland,54.9079,8.3033,15.01,72,100,5.14,DE,1719795851
536,yelizovo,53.1873,158.3805,12.08,76,75,6.0,RU,1719795851
537,udon thani,17.3333,102.8333,29.9,100,20,1.03,TH,1719795851
538,iquique,-20.2208,-70.1431,15.02,80,27,1.96,CL,1719795608
539,spasskoye,44.6108,132.7969,18.39,73,0,3.67,RU,1719795851
540,newport,51.5877,-2.9984,13.95,82,11,2.86,GB,1719795653
541,east ballina,-28.8667,153.5833,14.89,86,100,5.85,AU,1719795851
542,kumylzhenskaya,49.8809,42.5898,19.61,64,14,1.08,RU,1719795851
543,yalihuyuk,37.3008,32.0855,15.68,55,0,1.66,TR,1719795851
544,vizinga,61.0749,50.1031,16.45,84,19,2.85,RU,1719795851
545,vershino-darasunskiy,52.35,115.5167,27.07,35,21,1.19,RU,1719795851
546,cobram,-35.9167,145.65,8.57,57,0,2.36,AU,1719795851
547,salmas,38.1973,44.7653,15.64,80,2,1.2,IR,1719795851
548,archangelos,36.2149,28.1149,25.99,49,0,2.7,GR,1719795852
549,bridgewater,44.3835,-64.5155,21.17,95,100,5.66,CA,1719795852
550,usinsk,65.9939,57.5281,5.97,84,100,5.39,RU,1719795852
551,grand falls-windsor,48.9332,-55.6649,16.39,86,100,0.45,CA,1719795852
552,itupiranga,-5.1347,-49.3267,28.18,77,3,1.26,BR,1719795852
553,jalal-abad,40.9333,73.0,23.8,49,97,1.38,KG,1719795852
554,castillos,-34.1667,-53.8333,4.33,76,46,4.21,UY,1719795852
555,shubarshi,48.5872,57.1869,14.86,72,87,6.1,KZ,1719795852
556,phan thiet,10.9333,108.1,28.63,75,100,2.82,VN,1719795678
557,hacienda huancane,-15.8222,-70.8856,2.79,47,0,2.75,PE,1719795852
558,gadzhiyevo,69.2551,33.3362,9.13,95,100,2.55,RU,1719795852
559,sanga-sanga,5.0725,119.7853,26.8,84,100,3.1,PH,1719795852
560,bamboo flat,11.7,92.7167,27.16,82,100,4.27,IN,1719795852
561,zhengjiatun,43.5064,123.5064,24.32,42,100,5.37,CN,1719795852
562,lethem,3.3803,-59.7968,23.88,90,21,2.78,GY,1719795852
563,kirensk,57.7853,108.1119,28.64,43,0,3.07,RU,1719795852
564,novyy urengoy,66.0833,76.6333,6.47,85,100,9.84,RU,1719795852
565,omdurman,15.6445,32.4777,33.32,29,39,5.21,SD,1719795852
566,olonets,60.9847,32.9698,12.51,72,11,2.72,RU,1719795853
567,phalodi,27.1333,72.3667,29.95,73,100,7.71,IN,1719795853
568,brisas barra de suchiate,14.55,-92.2167,26.1,85,100,4.45,MX,1719795853
569,hassleholm,56.1591,13.7664,11.88,98,20,2.23,SE,1719795853
570,biltine,14.5333,20.9167,26.82,58,100,8.55,TD,1719795560
571,yigo village,13.5361,144.8886,27.08,91,75,4.63,GU,1719795853
572,flying fish cove,-10.4217,105.6791,23.82,100,100,5.66,CX,1719795853
573,tsiombe,-25.3,45.4833,15.4,68,0,1.5,MG,1719795853
574,north walsham,52.8212,1.3875,13.3,85,20,5.81,GB,1719795853
575,camana,-16.6228,-72.7111,16.63,85,0,3.82,PE,1719795853
576,quellon,-43.1167,-73.6167,5.94,80,43,2.0,CL,1719795746
577,tari,12.4086,4.4914,29.88,58,98,4.2,NG,1719795853
578,fort bragg,35.139,-79.006,28.91,80,20,2.57,US,1719795853
579,floro,61.5996,5.0328,11.04,87,100,5.66,NO,1719795853
